timestamp,marker_id,x,y,theta
1782318517.4040117,1,360.0,421.0,90.0
1782318517.4040117,0,185.0,419.0,93.1
1782318517.4378605,1,360.0,421.0,90.0
1782318517.4378605,0,185.0,419.0,93.1
1782318517.4816446,1,360.0,421.0,90.0
1782318517.4816446,0,185.0,419.0,93.1
1782318517.514885,1,360.0,421.0,90.0
1782318517.514885,0,185.0,419.0,93.1
1782318517.5628862,1,360.0,421.0,90.0
1782318517.5628862,0,185.0,419.0,93.1
1782318517.6080215,1,360.0,421.0,90.0
1782318517.6080215,0,185.0,419.0,90.0
1782318517.6372464,1,360.0,421.0,90.0
1782318517.6372464,0,185.0,419.0,90.0
1782318517.6844,1,360.0,420.0,90.0
1782318517.6844,0,185.0,417.0,88.4
1782318517.7329924,1,360.0,416.0,88.6
1782318517.7329924,0,186.0,413.0,86.8
1782318517.7615626,1,361.0,414.0,90.0
1782318517.7615626,0,186.0,410.0,85.1
1782318517.809359,1,361.0,411.0,90.0
1782318517.809359,0,187.0,408.0,86.7
1782318517.8574164,1,360.0,409.0,87.2
1782318517.8574164,0,187.0,405.0,86.7
1782318517.88856,1,361.0,406.0,90.0
1782318517.88856,0,187.0,402.0,83.3
1782318517.9375603,1,360.0,404.0,87.2
1782318517.9375603,0,187.0,400.0,83.5
1782318517.9821515,1,360.0,404.0,87.2
1782318517.9821515,0,187.0,400.0,83.5
1782318518.016185,1,360.0,404.0,87.2
1782318518.016185,0,187.0,400.0,83.5
1782318518.062442,1,360.0,396.0,85.7
1782318518.062442,0,188.0,392.0,83.5
1782318518.1073308,1,361.0,394.0,87.1
1782318518.1073308,0,189.0,390.0,83.7
1782318518.1396086,1,361.0,391.0,87.1
1782318518.1396086,0,190.0,387.0,83.5
1782318518.1842875,1,361.0,391.0,87.1
1782318518.1842875,0,190.0,387.0,83.5
1782318518.2335086,1,361.0,387.0,87.2
1782318518.2335086,0,190.0,381.0,80.0
1782318518.2637374,1,361.0,384.0,87.1
1782318518.2637374,0,191.0,379.0,81.9
1782318518.309406,1,361.0,382.0,87.1
1782318518.309406,0,191.0,376.0,78.7
1782318518.3554094,1,361.0,379.0,85.6
1782318518.3554094,0,192.0,374.0,80.0
1782318518.3861666,1,361.0,377.0,84.1
1782318518.3861666,0,192.0,371.0,78.4
1782318518.4338467,1,361.0,375.0,84.3
1782318518.4338467,0,193.0,369.0,78.7
1782318518.4816365,1,361.0,375.0,84.3
1782318518.4816365,0,193.0,369.0,78.7
1782318518.5163174,1,361.0,375.0,84.3
1782318518.5163174,0,193.0,369.0,78.7
1782318518.5592053,1,362.0,368.0,84.1
1782318518.5592053,0,195.0,362.0,78.7
1782318518.6091442,1,362.0,366.0,84.1
1782318518.6091442,0,195.0,359.0,78.4
1782318518.6403792,1,362.0,364.0,82.9
1782318518.6403792,0,196.0,357.0,78.7
1782318518.6856308,1,362.0,364.0,82.9
1782318518.6856308,0,196.0,357.0,78.7
1782318518.732283,1,362.0,364.0,82.9
1782318518.732283,0,196.0,357.0,78.7
1782318518.7651844,1,363.0,358.0,82.9
1782318518.7651844,0,198.0,350.0,78.7
1782318518.8079638,1,363.0,356.0,81.5
1782318518.8079638,0,198.0,347.0,73.6
1782318518.8566153,1,364.0,354.0,82.9
1782318518.8566153,0,199.0,345.0,73.6
1782318518.8864298,1,364.0,352.0,81.3
1782318518.8864298,0,200.0,343.0,73.6
1782318518.9342463,1,364.0,350.0,81.3
1782318518.9342463,0,201.0,341.0,73.6
1782318518.9765363,1,364.0,348.0,79.8
1782318518.9765363,0,202.0,339.0,72.1
1782318519.0089731,1,364.0,348.0,79.8
1782318519.0089731,0,202.0,339.0,72.1
1782318519.0587265,1,364.0,348.0,79.8
1782318519.0587265,0,202.0,339.0,72.1
1782318519.106535,1,365.0,343.0,77.0
1782318519.106535,0,205.0,332.0,69.4
1782318519.1364322,1,366.0,341.0,78.4
1782318519.1364322,0,206.0,330.0,68.5
1782318519.1833363,1,366.0,340.0,77.0
1782318519.1833363,0,207.0,328.0,68.5
1782318519.2278044,1,366.0,340.0,77.0
1782318519.2278044,0,207.0,328.0,68.5
1782318519.2616806,1,366.0,340.0,77.0
1782318519.2616806,0,207.0,328.0,68.5
1782318519.3082108,1,367.0,335.0,76.7
1782318519.3082108,0,209.0,322.0,63.4
1782318519.3534489,1,367.0,334.0,76.0
1782318519.3534489,0,210.0,320.0,63.4
1782318519.400156,1,368.0,332.0,76.7
1782318519.400156,0,212.0,318.0,62.7
1782318519.4346898,1,368.0,331.0,75.6
1782318519.4346898,0,213.0,316.0,61.9
1782318519.4783027,1,368.0,330.0,74.2
1782318519.4783027,0,214.0,314.0,60.5
1782318519.5236933,1,368.0,329.0,74.2
1782318519.5236933,0,215.0,313.0,59.9
1782318519.554264,1,368.0,329.0,74.2
1782318519.554264,0,215.0,313.0,59.9
1782318519.601376,1,369.0,326.0,72.5
1782318519.601376,0,218.0,309.0,59.0
1782318519.647404,1,370.0,325.0,73.9
1782318519.647404,0,219.0,308.0,59.0
1782318519.6783516,1,370.0,324.0,72.5
1782318519.6783516,0,220.0,306.0,55.4
1782318519.7252452,1,370.0,324.0,72.5
1782318519.7252452,0,220.0,306.0,55.4
1782318519.772794,1,370.0,324.0,72.5
1782318519.772794,0,220.0,306.0,55.4
1782318519.8015363,1,371.0,321.0,72.0
1782318519.8015363,0,224.0,302.0,52.8
1782318519.8492022,1,372.0,320.0,68.7
1782318519.8492022,0,226.0,300.0,49.8
1782318519.894814,1,373.0,319.0,67.9
1782318519.894814,0,227.0,299.0,50.6
1782318519.9416919,1,374.0,317.0,67.4
1782318519.9416919,0,228.0,298.0,47.2
1782318519.9722128,1,375.0,315.0,66.6
1782318519.9722128,0,229.0,296.0,45.0
1782318520.0188248,1,376.0,313.0,64.1
1782318520.0188248,0,231.0,295.0,45.0
1782318520.0664513,1,376.0,313.0,64.1
1782318520.0664513,0,231.0,295.0,45.0
1782318520.0976126,1,376.0,313.0,64.1
1782318520.0976126,0,231.0,295.0,45.0
1782318520.1422698,1,379.0,307.0,64.7
1782318520.1422698,0,235.0,291.0,39.4
1782318520.1898847,1,380.0,305.0,64.7
1782318520.1898847,0,237.0,290.0,41.5
1782318520.2200067,1,381.0,302.0,62.8
1782318520.2200067,0,238.0,288.0,38.2
1782318520.2666922,1,381.0,302.0,62.8
1782318520.2666922,0,238.0,288.0,38.2
1782318520.3138375,1,383.0,299.0,63.4
1782318520.3138375,0,241.0,287.0,40.4
1782318520.3463023,1,384.0,297.0,63.4
1782318520.3463023,0,242.0,285.0,35.9
1782318520.3933105,1,385.0,295.0,63.4
1782318520.3933105,0,244.0,284.0,36.9
1782318520.4381983,1,386.0,291.0,62.2
1782318520.4381983,0,245.0,283.0,36.9
1782318520.4702163,1,386.0,291.0,60.3
1782318520.4702163,0,246.0,282.0,35.0
1782318520.518074,1,387.0,289.0,59.7
1782318520.518074,0,247.0,281.0,35.0
1782318520.564992,1,389.0,287.0,62.2
1782318520.564992,0,249.0,280.0,34.6
1782318520.5956204,1,389.0,287.0,62.2
1782318520.5956204,0,249.0,280.0,34.6
1782318520.640366,1,389.0,287.0,62.2
1782318520.640366,0,249.0,280.0,34.6
1782318520.6888566,1,392.0,281.0,59.5
1782318520.6888566,0,253.0,278.0,35.9
1782318520.7200892,1,393.0,280.0,59.0
1782318520.7200892,0,254.0,277.0,32.3
1782318520.7668307,1,393.0,280.0,59.0
1782318520.7668307,0,254.0,277.0,32.3
1782318520.8102918,1,393.0,280.0,59.0
1782318520.8102918,0,254.0,277.0,32.3
1782318520.8564737,1,396.0,274.0,57.5
1782318520.8564737,0,258.0,275.0,28.7
1782318520.8886557,1,397.0,273.0,55.9
1782318520.8886557,0,259.0,275.0,28.0
1782318520.9353716,1,398.0,271.0,54.3
1782318520.9353716,0,260.0,275.0,27.3
1782318520.984658,1,399.0,270.0,54.8
1782318520.984658,0,261.0,274.0,23.8
1782318521.01368,1,401.0,268.0,55.1
1782318521.01368,0,262.0,274.0,25.2
1782318521.0614982,1,402.0,267.0,55.1
1782318521.0614982,0,263.0,273.0,22.4
1782318521.1088302,1,402.0,267.0,55.1
1782318521.1088302,0,263.0,273.0,22.4
1782318521.1392827,1,402.0,267.0,55.1
1782318521.1392827,0,263.0,273.0,22.4
1782318521.1893084,1,405.0,263.0,50.9
1782318521.1893084,0,264.0,271.0,35.9
1782318521.2330036,1,407.0,262.0,50.0
1782318521.2330036,0,263.0,269.0,47.3
1782318521.2636495,1,408.0,261.0,48.0
1782318521.2636495,0,262.0,268.0,55.4
1782318521.3120792,1,408.0,261.0,48.0
1782318521.3120792,0,262.0,268.0,55.4
1782318521.3563318,1,408.0,261.0,48.0
1782318521.3563318,0,262.0,268.0,55.4
1782318521.3898163,1,411.0,258.0,44.0
1782318521.3898163,0,259.0,265.0,77.5
1782318521.4363394,1,412.0,257.0,43.0
1782318521.4363394,0,259.0,263.0,77.5
1782318521.4801517,1,413.0,256.0,44.0
1782318521.4801517,0,259.0,261.0,79.3
1782318521.5133522,1,414.0,255.0,43.1
1782318521.5133522,0,259.0,259.0,82.3
1782318521.5584505,1,415.0,254.0,43.1
1782318521.5584505,0,259.0,257.0,80.8
1782318521.6067464,1,416.0,253.0,43.1
1782318521.6067464,0,260.0,254.0,82.3
1782318521.638531,1,416.0,253.0,43.1
1782318521.638531,0,260.0,254.0,82.3
1782318521.6817546,1,416.0,253.0,43.1
1782318521.6817546,0,260.0,254.0,82.3
1782318521.729361,1,419.0,250.0,39.1
1782318521.729361,0,260.0,247.0,82.3
1782318521.7621858,1,420.0,250.0,40.2
1782318521.7621858,0,261.0,245.0,85.5
1782318521.8086,1,421.0,249.0,38.2
1782318521.8086,0,260.0,242.0,85.4
1782318521.856254,1,421.0,249.0,38.2
1782318521.856254,0,260.0,242.0,85.4
1782318521.8893924,1,422.0,248.0,37.1
1782318521.8893924,0,260.0,240.0,85.5
1782318521.9337115,1,423.0,247.0,36.3
1782318521.9337115,0,260.0,235.0,86.9
1782318521.9806669,1,424.0,247.0,37.4
1782318521.9806669,0,260.0,232.0,88.4
1782318522.012727,1,425.0,246.0,38.2
1782318522.012727,0,260.0,230.0,90.0
1782318522.058771,1,426.0,245.0,35.2
1782318522.058771,0,260.0,228.0,91.5
1782318522.109191,1,427.0,245.0,33.7
1782318522.109191,0,259.0,226.0,91.5
1782318522.139578,1,427.0,245.0,33.7
1782318522.139578,0,259.0,226.0,91.5
1782318522.182355,1,427.0,245.0,33.7
1782318522.182355,0,259.0,226.0,91.5
1782318522.2299082,1,426.0,241.0,49.8
1782318522.2299082,0,258.0,220.0,97.7
1782318522.2740412,1,426.0,241.0,60.4
1782318522.2740412,0,257.0,218.0,97.7
1782318522.3075087,1,425.0,238.0,62.1
1782318522.3075087,0,257.0,216.0,100.7
1782318522.3530664,1,425.0,238.0,62.1
1782318522.3530664,0,257.0,216.0,100.7
1782318522.3995423,1,425.0,238.0,62.1
1782318522.3995423,0,257.0,216.0,100.7
1782318522.4328437,1,424.0,233.0,76.0
1782318522.4328437,0,255.0,210.0,107.4
1782318522.4784932,1,424.0,230.0,78.1
1782318522.4784932,0,254.0,209.0,108.4
1782318522.5224752,1,424.0,228.0,82.7
1782318522.5224752,0,253.0,207.0,108.9
1782318522.5527825,1,424.0,226.0,84.1
1782318522.5527825,0,252.0,205.0,110.9
1782318522.5986364,1,424.0,224.0,87.1
1782318522.5986364,0,251.0,203.0,113.0
1782318522.648561,1,424.0,222.0,88.5
1782318522.648561,0,250.0,201.0,115.9
1782318522.6901395,1,424.0,222.0,88.5
1782318522.6901395,0,250.0,201.0,115.9
1782318522.722139,1,424.0,222.0,88.5
1782318522.722139,0,250.0,201.0,115.9
1782318522.7675507,1,423.0,216.0,90.0
1782318522.7675507,0,246.0,197.0,117.3
1782318522.8140519,1,423.0,214.0,92.9
1782318522.8140519,0,245.0,195.0,119.4
1782318522.8456447,1,422.0,211.0,92.9
1782318522.8456447,0,244.0,193.0,120.7
1782318522.8943646,1,422.0,211.0,92.9
1782318522.8943646,0,244.0,193.0,120.7
1782318522.9401994,1,422.0,208.0,95.7
1782318522.9401994,0,241.0,190.0,127.2
1782318522.9706538,1,421.0,206.0,97.1
1782318522.9706538,0,241.0,189.0,126.3
1782318523.0176868,1,420.0,203.0,97.5
1782318523.0176868,0,239.0,188.0,127.2
1782318523.0636442,1,420.0,202.0,100.2
1782318523.0636442,0,238.0,186.0,129.4
1782318523.0946627,1,419.0,200.0,101.6
1782318523.0946627,0,237.0,185.0,130.6
1782318523.1401637,1,418.0,198.0,103.3
1782318523.1401637,0,235.0,184.0,131.6
1782318523.1897337,1,417.0,197.0,104.4
1782318523.1897337,0,234.0,183.0,133.9
1782318523.23456,1,417.0,197.0,104.4
1782318523.23456,0,234.0,183.0,133.9
1782318523.2661633,1,415.0,193.0,108.0
1782318523.2661633,0,231.0,181.0,137.2
1782318523.3145099,1,414.0,191.0,109.9
1782318523.3145099,0,229.0,180.0,137.3
1782318523.358034,1,414.0,191.0,109.9
1782318523.358034,0,229.0,180.0,137.3
1782318523.3895042,1,413.0,190.0,110.7
1782318523.3895042,0,228.0,179.0,139.4
1782318523.4363704,1,413.0,190.0,110.7
1782318523.4363704,0,228.0,179.0,139.4
1782318523.4689717,1,410.0,185.0,115.3
1782318523.4689717,0,224.0,176.0,141.6
1782318523.5169435,1,409.0,183.0,116.6
1782318523.5169435,0,223.0,175.0,142.8
1782318523.5626237,1,408.0,182.0,119.2
1782318523.5626237,0,221.0,174.0,141.8
1782318523.60872,1,407.0,181.0,120.5
1782318523.60872,0,220.0,173.0,143.7
1782318523.6412132,1,406.0,179.0,122.5
1782318523.6412132,0,218.0,173.0,141.6
1782318523.6880796,1,405.0,178.0,122.5
1782318523.6880796,0,216.0,171.0,145.4
1782318523.7201207,1,405.0,178.0,122.5
1782318523.7201207,0,216.0,171.0,145.4
1782318523.766464,1,405.0,178.0,122.5
1782318523.766464,0,216.0,171.0,145.4
1782318523.809806,1,401.0,174.0,125.4
1782318523.809806,0,212.0,169.0,149.9
1782318523.845908,1,400.0,173.0,126.9
1782318523.845908,0,211.0,169.0,150.6
1782318523.889032,1,398.0,172.0,126.6
1782318523.889032,0,209.0,168.0,150.5
1782318523.9362476,1,398.0,172.0,126.6
1782318523.9362476,0,209.0,168.0,150.5
1782318523.9677982,1,398.0,172.0,126.6
1782318523.9677982,0,209.0,168.0,150.5
1782318524.0152388,1,395.0,168.0,131.8
1782318524.0152388,0,206.0,166.0,150.6
1782318524.0663185,1,394.0,167.0,132.9
1782318524.0663185,0,205.0,165.0,151.3
1782318524.0981498,1,392.0,167.0,128.7
1782318524.0981498,0,204.0,165.0,150.6
1782318524.1438642,1,391.0,166.0,131.9
1782318524.1438642,0,203.0,164.0,149.9
1782318524.1923845,1,390.0,164.0,133.9
1782318524.1923845,0,202.0,164.0,150.6
1782318524.2342792,1,390.0,163.0,135.0
1782318524.2342792,0,201.0,163.0,149.9
1782318524.2664833,1,390.0,163.0,135.0
1782318524.2664833,0,201.0,163.0,149.9
1782318524.3133771,1,388.0,163.0,135.0
1782318524.3133771,0,200.0,163.0,149.9
1782318524.3608115,1,387.0,162.0,138.1
1782318524.3608115,0,198.0,162.0,152.7
1782318524.387031,1,386.0,161.0,139.2
1782318524.387031,0,196.0,162.0,154.9
1782318524.433082,1,386.0,161.0,139.2
1782318524.433082,0,196.0,162.0,154.9
1782318524.480889,1,386.0,161.0,139.2
1782318524.480889,0,196.0,162.0,154.9
1782318524.5132122,1,382.0,159.0,143.4
1782318524.5132122,0,193.0,164.0,173.8
1782318524.557403,1,381.0,158.0,143.4
1782318524.557403,0,191.0,165.0,175.2
1782318524.6035461,1,380.0,157.0,144.6
1782318524.6035461,0,189.0,165.0,-180.0
1782318524.649214,1,380.0,157.0,144.6
1782318524.649214,0,189.0,165.0,-180.0
1782318524.6808882,1,379.0,156.0,143.4
1782318524.6808882,0,187.0,166.0,-180.0
1782318524.7262452,1,378.0,154.0,132.8
1782318524.7262452,0,183.0,166.0,-178.4
1782318524.7721236,1,378.0,154.0,132.8
1782318524.7721236,0,183.0,166.0,-178.4
1782318524.803746,1,378.0,154.0,132.8
1782318524.803746,0,183.0,166.0,-178.4
1782318524.8510501,1,378.0,151.0,122.0
1782318524.8510501,0,177.0,167.0,-178.5
1782318524.8973,1,379.0,151.0,119.2
1782318524.8973,0,174.0,167.0,-176.8
1782318524.9318411,1,379.0,150.0,118.6
1782318524.9318411,0,172.0,168.0,-176.8
1782318524.9760988,1,379.0,150.0,118.6
1782318524.9760988,0,172.0,168.0,-176.8
1782318525.0232244,1,379.0,150.0,118.6
1782318525.0232244,0,172.0,168.0,-176.8
1782318525.0543835,1,379.0,150.0,117.2
1782318525.0543835,0,165.0,169.0,-173.5
1782318525.0969026,1,379.0,150.0,117.2
1782318525.0969026,0,163.0,169.0,-173.5
1782318525.146777,1,379.0,150.0,117.2
1782318525.146777,0,161.0,170.0,-173.7
1782318525.1790056,1,379.0,150.0,117.2
1782318525.1790056,0,158.0,170.0,-173.5
1782318525.2240248,1,379.0,150.0,117.2
1782318525.2240248,0,157.0,171.0,-173.7
1782318525.271683,1,379.0,150.0,117.2
1782318525.271683,0,154.0,171.0,-173.5
1782318525.3028488,1,379.0,150.0,117.2
1782318525.3028488,0,154.0,171.0,-173.5
1782318525.3471098,1,379.0,150.0,117.2
1782318525.3471098,0,154.0,171.0,-173.5
1782318525.3962274,1,379.0,150.0,117.2
1782318525.3962274,0,148.0,173.0,-170.3
1782318525.4277222,1,379.0,150.0,117.2
1782318525.4277222,0,146.0,173.0,-169.0
1782318525.472445,1,379.0,150.0,117.2
1782318525.472445,0,144.0,174.0,-169.0
1782318525.5206807,1,379.0,150.0,117.2
1782318525.5206807,0,144.0,174.0,-169.0
1782318525.5684545,1,379.0,150.0,117.2
1782318525.5684545,0,140.0,175.0,-165.6
1782318525.5979843,1,379.0,150.0,117.2
1782318525.5979843,0,138.0,176.0,-165.6
1782318525.6437726,1,379.0,150.0,117.2
1782318525.6437726,0,136.0,177.0,-165.6
1782318525.6900759,1,379.0,150.0,117.2
1782318525.6900759,0,134.0,178.0,-165.2
1782318525.7193203,1,379.0,150.0,117.2
1782318525.7193203,0,134.0,178.0,-165.2
1782318525.7637765,1,379.0,150.0,117.2
1782318525.7637765,0,132.0,178.0,-162.6
1782318525.8150425,1,379.0,150.0,117.2
1782318525.8150425,0,130.0,180.0,-163.6
1782318525.842888,1,379.0,150.0,117.2
1782318525.842888,0,130.0,180.0,-163.6
1782318525.892893,1,379.0,150.0,117.2
1782318525.892893,0,125.0,182.0,-160.6
1782318525.938995,1,379.0,150.0,117.2
1782318525.938995,0,123.0,183.0,-159.1
1782318525.967173,1,379.0,150.0,117.2
1782318525.967173,0,121.0,184.0,-158.5
1782318526.0139897,1,379.0,150.0,117.2
1782318526.0139897,0,121.0,184.0,-158.5
1782318526.063154,1,379.0,150.0,117.2
1782318526.063154,0,121.0,184.0,-158.5
1782318526.0935445,1,379.0,150.0,117.2
1782318526.0935445,0,116.0,187.0,-155.6
1782318526.1400373,1,379.0,150.0,117.2
1782318526.1400373,0,115.0,188.0,-154.8
1782318526.1936505,1,379.0,150.0,117.2
1782318526.1936505,0,113.0,190.0,-154.1
1782318526.2246127,1,379.0,150.0,117.2
1782318526.2246127,0,111.0,191.0,-152.0
1782318526.2688465,1,379.0,150.0,117.2
1782318526.2688465,0,109.0,192.0,-151.3
1782318526.3143475,1,379.0,150.0,117.2
1782318526.3143475,0,108.0,193.0,-150.6
1782318526.3613386,1,379.0,150.0,117.2
1782318526.3613386,0,108.0,193.0,-150.6
1782318526.3951645,1,379.0,150.0,117.2
1782318526.3951645,0,108.0,193.0,-150.6
1782318526.4354746,1,379.0,150.0,117.2
1782318526.4354746,0,103.0,197.0,-148.5
1782318526.4844496,1,379.0,150.0,117.2
1782318526.4844496,0,102.0,198.0,-146.3
1782318526.5142882,1,379.0,150.0,117.2
1782318526.5142882,0,100.0,199.0,-145.0
1782318526.561218,1,379.0,150.0,117.2
1782318526.561218,0,100.0,199.0,-145.0
1782318526.6052992,1,379.0,150.0,117.2
1782318526.6052992,0,98.0,202.0,-144.1
1782318526.6400745,1,379.0,150.0,117.2
1782318526.6400745,0,98.0,202.0,-144.1
1782318526.682491,1,379.0,150.0,117.2
1782318526.682491,0,97.0,203.0,-143.7
1782318526.7287529,1,379.0,150.0,117.2
1782318526.7287529,0,95.0,205.0,-141.8
1782318526.7753398,1,379.0,150.0,117.2
1782318526.7753398,0,93.0,208.0,-139.4
1782318526.8076599,1,379.0,150.0,117.2
1782318526.8076599,0,93.0,208.0,-139.4
1782318526.8531322,1,379.0,150.0,117.2
1782318526.8531322,0,91.0,211.0,-137.2
1782318526.8979897,1,379.0,150.0,117.2
1782318526.8979897,0,91.0,211.0,-137.2
1782318526.932801,1,379.0,150.0,117.2
1782318526.932801,0,90.0,212.0,-136.1
1782318526.9773781,1,379.0,150.0,117.2
1782318526.9773781,0,88.0,215.0,-130.6
1782318527.022075,1,379.0,150.0,117.2
1782318527.022075,0,87.0,217.0,-130.6
1782318527.0540535,1,379.0,150.0,117.2
1782318527.0540535,0,87.0,217.0,-130.6
1782318527.098446,1,379.0,150.0,117.2
1782318527.098446,0,87.0,217.0,-130.6
1782318527.1437154,1,379.0,150.0,117.2
1782318527.1437154,0,85.0,221.0,-127.5
1782318527.1888704,1,379.0,150.0,117.2
1782318527.1888704,0,84.0,222.0,-126.3
1782318527.2212136,1,379.0,150.0,117.2
1782318527.2212136,0,83.0,224.0,-126.3
1782318527.2638426,1,379.0,150.0,117.2
1782318527.2638426,0,82.0,225.0,-124.1
1782318527.314261,1,379.0,150.0,117.2
1782318527.314261,0,82.0,227.0,-125.4
1782318527.3465853,1,379.0,150.0,117.2
1782318527.3465853,0,81.0,228.0,-125.4
1782318527.3937058,1,379.0,150.0,117.2
1782318527.3937058,0,81.0,228.0,-125.4
1782318527.4393406,1,379.0,150.0,117.2
1782318527.4393406,0,81.0,228.0,-125.4
1782318527.4696095,1,379.0,150.0,117.2
1782318527.4696095,0,79.0,232.0,-123.3
1782318527.5144002,1,379.0,150.0,117.2
1782318527.5144002,0,78.0,233.0,-123.3
1782318527.5630715,1,379.0,150.0,117.2
1782318527.5630715,0,77.0,235.0,-120.7
1782318527.593389,1,379.0,150.0,117.2
1782318527.593389,0,77.0,235.0,-120.7
1782318527.6408672,1,379.0,150.0,117.2
1782318527.6408672,0,77.0,235.0,-120.7
1782318527.6876886,1,379.0,150.0,117.2
1782318527.6876886,0,76.0,238.0,-120.7
1782318527.7220533,1,379.0,150.0,117.2
1782318527.7220533,0,75.0,240.0,-119.9
1782318527.7635455,1,379.0,150.0,117.2
1782318527.7635455,0,75.0,240.0,-119.9
1782318527.814185,1,379.0,150.0,117.2
1782318527.814185,0,74.0,242.0,-119.4
1782318527.8574653,1,379.0,150.0,117.2
1782318527.8574653,0,73.0,244.0,-119.4
1782318527.891557,1,379.0,150.0,117.2
1782318527.891557,0,73.0,245.0,-120.7
1782318527.935052,1,379.0,150.0,117.2
1782318527.935052,0,73.0,245.0,-120.7
1782318527.9802196,1,379.0,150.0,117.2
1782318527.9802196,0,72.0,247.0,-120.7
1782318528.0116987,1,379.0,150.0,117.2
1782318528.0116987,0,71.0,248.0,-119.4
1782318528.0583847,1,379.0,150.0,117.2
1782318528.0583847,0,71.0,249.0,-119.4
1782318528.1039462,1,379.0,150.0,117.2
1782318528.1039462,0,71.0,250.0,-122.0
1782318528.1518962,1,379.0,150.0,117.2
1782318528.1518962,0,71.0,250.0,-122.0
1782318528.1825209,1,379.0,150.0,117.2
1782318528.1825209,0,72.0,250.0,-113.2
1782318528.2284393,1,379.0,150.0,117.2
1782318528.2284393,0,73.0,251.0,-104.0
1782318528.2734575,1,379.0,150.0,117.2
1782318528.2734575,0,73.0,253.0,-99.7
1782318528.305366,1,379.0,150.0,117.2
1782318528.305366,0,74.0,254.0,-96.3
1782318528.352358,1,379.0,150.0,117.2
1782318528.352358,0,74.0,256.0,-93.2
1782318528.3974853,1,379.0,150.0,117.2
1782318528.3974853,0,74.0,258.0,-93.1
1782318528.427261,1,379.0,150.0,117.2
1782318528.427261,0,74.0,258.0,-93.1
1782318528.4762418,1,379.0,150.0,117.2
1782318528.4762418,0,74.0,258.0,-93.1
1782318528.527562,1,379.0,150.0,117.2
1782318528.527562,0,75.0,265.0,-96.2
1782318528.5575438,1,379.0,150.0,117.2
1782318528.5575438,0,75.0,268.0,-94.8
1782318528.5998816,1,379.0,150.0,117.2
1782318528.5998816,0,75.0,270.0,-93.2
1782318528.6493132,1,379.0,150.0,117.2
1782318528.6493132,0,75.0,270.0,-93.2
1782318528.6786892,1,379.0,150.0,117.2
1782318528.6786892,0,75.0,270.0,-93.2
1782318528.7252166,1,379.0,150.0,117.2
1782318528.7252166,0,76.0,277.0,-93.1
1782318528.7683396,1,379.0,150.0,117.2
1782318528.7683396,0,76.0,279.0,-91.5
1782318528.8153815,1,379.0,150.0,117.2
1782318528.8153815,0,76.0,282.0,-90.0
1782318528.849614,1,379.0,150.0,117.2
1782318528.849614,0,76.0,284.0,-90.0
1782318528.8963234,1,379.0,150.0,117.2
1782318528.8963234,0,77.0,286.0,-91.5
1782318528.9414208,1,379.0,150.0,117.2
1782318528.9414208,0,77.0,289.0,-90.0
1782318528.9720504,1,379.0,150.0,117.2
1782318528.9720504,0,77.0,289.0,-90.0
1782318529.01848,1,379.0,150.0,117.2
1782318529.01848,0,77.0,289.0,-90.0
1782318529.0674047,1,379.0,150.0,117.2
1782318529.0674047,0,78.0,296.0,-90.0
1782318529.0937262,1,379.0,150.0,117.2
1782318529.0937262,0,78.0,299.0,-86.8
1782318529.1445804,1,379.0,150.0,117.2
1782318529.1445804,0,79.0,301.0,-88.4
1782318529.1877587,1,379.0,150.0,117.2
1782318529.1877587,0,79.0,301.0,-88.4
1782318529.2209027,1,379.0,150.0,117.2
1782318529.2209027,0,80.0,305.0,-88.5
1782318529.2684605,1,379.0,150.0,117.2
1782318529.2684605,0,80.0,308.0,-86.9
1782318529.3138635,1,379.0,150.0,117.2
1782318529.3138635,0,81.0,310.0,-86.9
1782318529.3433979,1,379.0,150.0,117.2
1782318529.3433979,0,81.0,313.0,-85.2
1782318529.3915358,1,379.0,150.0,117.2
1782318529.3915358,0,82.0,315.0,-85.2
1782318529.4375439,1,379.0,150.0,117.2
1782318529.4375439,0,82.0,317.0,-83.8
1782318529.4694355,1,379.0,150.0,117.2
1782318529.4694355,0,83.0,319.0,-83.8
1782318529.5145695,1,379.0,150.0,117.2
1782318529.5145695,0,83.0,319.0,-83.8
1782318529.5622015,1,379.0,150.0,117.2
1782318529.5622015,0,84.0,324.0,-82.1
1782318529.6087286,1,379.0,150.0,117.2
1782318529.6087286,0,85.0,326.0,-83.7
1782318529.6370845,1,379.0,150.0,117.2
1782318529.6370845,0,85.0,328.0,-80.8
1782318529.686354,1,379.0,150.0,117.2
1782318529.686354,0,85.0,328.0,-80.8
1782318529.7322931,1,379.0,150.0,117.2
1782318529.7322931,0,85.0,328.0,-80.8
1782318529.763315,1,379.0,150.0,117.2
1782318529.763315,0,87.0,332.0,-80.8
1782318529.807421,1,379.0,150.0,117.2
1782318529.807421,0,89.0,337.0,-80.5
1782318529.853892,1,379.0,150.0,117.2
1782318529.853892,0,89.0,339.0,-77.8
1782318529.9014187,1,379.0,150.0,117.2
1782318529.9014187,0,90.0,341.0,-77.5
1782318529.9344544,1,379.0,150.0,117.2
1782318529.9344544,0,91.0,343.0,-77.5
1782318529.9795787,1,379.0,150.0,117.2
1782318529.9795787,0,92.0,345.0,-77.5
1782318530.0085692,1,379.0,150.0,117.2
1782318530.0085692,0,92.0,345.0,-77.5
1782318530.058294,1,379.0,150.0,117.2
1782318530.058294,0,92.0,345.0,-77.5
1782318530.10233,1,379.0,150.0,117.2
1782318530.10233,0,95.0,351.0,-76.0
1782318530.1511626,1,379.0,150.0,117.2
1782318530.1511626,0,96.0,353.0,-74.5
1782318530.1802232,1,379.0,150.0,117.2
1782318530.1802232,0,97.0,355.0,-72.6
1782318530.2288013,1,379.0,150.0,117.2
1782318530.2288013,0,97.0,355.0,-72.6
1782318530.2750633,1,379.0,150.0,117.2
1782318530.2750633,0,99.0,358.0,-71.6
1782318530.307942,1,379.0,150.0,117.2
1782318530.307942,0,100.0,360.0,-68.2
1782318530.3538852,1,379.0,150.0,117.2
1782318530.3538852,0,101.0,362.0,-66.2
1782318530.3969362,1,379.0,150.0,117.2
1782318530.3969362,0,103.0,363.0,-68.2
1782318530.4304483,1,379.0,150.0,117.2
1782318530.4304483,0,104.0,365.0,-65.6
1782318530.4763365,1,379.0,150.0,117.2
1782318530.4763365,0,105.0,367.0,-63.4
1782318530.5235405,1,379.0,150.0,117.2
1782318530.5235405,0,106.0,368.0,-64.8
1782318530.5556262,1,379.0,150.0,117.2
1782318530.5556262,0,106.0,368.0,-64.8
1782318530.6023161,1,379.0,150.0,117.2
1782318530.6023161,0,108.0,370.0,-64.1
1782318530.6492443,1,379.0,150.0,117.2
1782318530.6492443,0,109.0,371.0,-63.4
1782318530.6790397,1,379.0,150.0,117.2
1782318530.6790397,0,112.0,374.0,-61.4
1782318530.7235136,1,379.0,150.0,117.2
1782318530.7235136,0,112.0,374.0,-61.4
1782318530.7709036,1,379.0,150.0,117.2
1782318530.7709036,0,112.0,374.0,-61.4
1782318530.8024127,1,379.0,150.0,117.2
1782318530.8024127,0,116.0,378.0,-55.0
1782318530.8465738,1,379.0,150.0,117.2
1782318530.8465738,0,116.0,378.0,-55.0
1782318530.8938322,1,379.0,150.0,117.2
1782318530.8938322,0,119.0,381.0,-52.8
1782318530.9397194,1,379.0,150.0,117.2
1782318530.9397194,0,120.0,382.0,-50.4
1782318530.970058,1,379.0,150.0,117.2
1782318530.970058,0,122.0,383.0,-51.6
1782318531.016242,1,379.0,150.0,117.2
1782318531.016242,0,123.0,384.0,-47.2
1782318531.0627887,1,379.0,150.0,117.2
1782318531.0627887,0,123.0,384.0,-47.2
1782318531.0930786,1,379.0,150.0,117.2
1782318531.0930786,0,123.0,384.0,-47.2
1782318531.1424086,1,379.0,150.0,117.2
1782318531.1424086,0,128.0,388.0,-42.7
1782318531.1884887,1,379.0,150.0,117.2
1782318531.1884887,0,130.0,388.0,-45.0
1782318531.2205446,1,379.0,150.0,117.2
1782318531.2205446,0,131.0,390.0,-41.6
1782318531.2641864,1,379.0,150.0,117.2
1782318531.2641864,0,131.0,390.0,-41.6
1782318531.3126252,1,379.0,150.0,117.2
1782318531.3126252,0,131.0,390.0,-41.6
1782318531.3563561,1,379.0,150.0,117.2
1782318531.3563561,0,136.0,392.0,-42.7
1782318531.3893008,1,379.0,150.0,117.2
1782318531.3893008,0,137.0,393.0,-40.6
1782318531.437743,1,379.0,150.0,117.2
1782318531.437743,0,139.0,394.0,-41.6
1782318531.4821916,1,379.0,150.0,117.2
1782318531.4821916,0,140.0,395.0,-40.6
1782318531.5132034,1,379.0,150.0,117.2
1782318531.5132034,0,142.0,395.0,-39.4
1782318531.5601296,1,379.0,150.0,117.2
1782318531.5601296,0,143.0,396.0,-38.4
1782318531.605325,1,379.0,150.0,117.2
1782318531.605325,0,143.0,396.0,-38.4
1782318531.6388974,1,379.0,150.0,117.2
1782318531.6388974,0,143.0,396.0,-38.4
1782318531.6845737,1,379.0,150.0,117.2
1782318531.6845737,0,148.0,398.0,-38.2
1782318531.7309504,1,379.0,150.0,117.2
1782318531.7309504,0,149.0,399.0,-35.9
1782318531.762549,1,379.0,150.0,117.2
1782318531.762549,0,149.0,399.0,-35.9
1782318531.807218,1,379.0,150.0,117.2
1782318531.807218,0,149.0,399.0,-35.9
1782318531.8546479,1,379.0,150.0,117.2
1782318531.8546479,0,153.0,401.0,-32.3
1782318531.8857036,1,379.0,150.0,117.2
1782318531.8857036,0,153.0,401.0,-32.3
1782318531.9326994,1,379.0,150.0,117.2
1782318531.9326994,0,156.0,402.0,-31.5
1782318531.9795167,1,379.0,150.0,117.2
1782318531.9795167,0,156.0,402.0,-31.5
1782318532.0110426,1,379.0,150.0,117.2
1782318532.0110426,0,159.0,403.0,-31.0
1782318532.0564845,1,379.0,150.0,117.2
1782318532.0564845,0,160.0,404.0,-31.5
1782318532.1010742,1,379.0,150.0,117.2
1782318532.1010742,0,160.0,404.0,-31.5
1782318532.1500263,1,379.0,150.0,117.2
1782318532.1500263,0,160.0,404.0,-31.5
1782318532.180865,1,379.0,150.0,117.2
1782318532.180865,0,164.0,406.0,-35.9
1782318532.226504,1,379.0,150.0,117.2
1782318532.226504,0,165.0,407.0,-36.3
1782318532.2754636,1,379.0,150.0,117.2
1782318532.2754636,0,166.0,408.0,-36.3
1782318532.305204,1,379.0,150.0,117.2
1782318532.305204,0,166.0,408.0,-36.3
1782318532.3555346,1,379.0,150.0,117.2
1782318532.3555346,0,166.0,408.0,-36.3
1782318532.4029996,1,379.0,150.0,117.2
1782318532.4029996,0,168.0,409.0,-36.3
1782318532.4314559,1,379.0,150.0,117.2
1782318532.4314559,0,169.0,410.0,-37.2
1782318532.478985,1,379.0,150.0,117.2
1782318532.478985,0,169.0,410.0,-36.3
1782318532.525574,1,379.0,150.0,117.2
1782318532.525574,0,169.0,410.0,-36.3
1782318532.5554478,1,379.0,150.0,117.2
1782318532.5554478,0,169.0,410.0,-36.3
1782318532.6044242,1,379.0,150.0,117.2
1782318532.6044242,0,169.0,410.0,-36.3
1782318532.6494038,1,379.0,150.0,117.2
1782318532.6494038,0,169.0,410.0,-36.3
1782318532.6836264,1,379.0,150.0,117.2
1782318532.6836264,0,169.0,410.0,-36.3
1782318532.7259557,1,379.0,150.0,117.2
1782318532.7259557,0,169.0,410.0,-36.3
1782318532.7727008,1,379.0,150.0,117.2
1782318532.7727008,0,169.0,410.0,-36.3
1782318532.8031425,1,379.0,150.0,117.2
1782318532.8031425,0,169.0,410.0,-36.3
1782318532.8495085,1,379.0,150.0,117.2
1782318532.8495085,0,169.0,410.0,-36.3
1782318532.895057,1,379.0,150.0,117.2
1782318532.895057,0,169.0,410.0,-36.3
1782318532.9277534,1,379.0,150.0,117.2
1782318532.9277534,0,169.0,410.0,-36.3
1782318532.9734027,1,379.0,150.0,117.2
1782318532.9734027,0,169.0,410.0,-36.3
1782318533.0228508,1,379.0,150.0,117.2
1782318533.0228508,0,169.0,410.0,-36.3
1782318533.070149,1,379.0,150.0,117.2
1782318533.070149,0,169.0,410.0,-36.3
1782318533.0988736,1,379.0,150.0,117.2
1782318533.0988736,0,169.0,410.0,-36.3
1782318533.14297,1,379.0,150.0,117.2
1782318533.14297,0,169.0,410.0,-36.3
1782318533.1909578,1,379.0,150.0,117.2
1782318533.1909578,0,169.0,410.0,-36.3
1782318533.2240703,1,379.0,150.0,117.2
1782318533.2240703,0,169.0,410.0,-36.3
1782318533.2694178,1,379.0,150.0,117.2
1782318533.2694178,0,169.0,410.0,-36.3
1782318533.314619,1,379.0,150.0,117.2
1782318533.314619,0,169.0,410.0,-36.3
1782318533.3499448,1,379.0,150.0,117.2
1782318533.3499448,0,169.0,410.0,-36.3
1782318533.3930938,1,379.0,150.0,117.2
1782318533.3930938,0,169.0,410.0,-36.3
1782318533.4399116,1,379.0,150.0,117.2
1782318533.4399116,0,169.0,410.0,-36.3
1782318533.4708824,1,379.0,150.0,117.2
1782318533.4708824,0,169.0,410.0,-36.3
1782318533.522801,1,379.0,150.0,117.2
1782318533.522801,0,169.0,410.0,-36.3
1782318533.5673633,1,379.0,150.0,117.2
1782318533.5673633,0,169.0,410.0,-36.3
1782318533.5944114,1,379.0,150.0,117.2
1782318533.5944114,0,169.0,410.0,-36.3
1782318533.6433656,1,379.0,150.0,117.2
1782318533.6433656,0,169.0,410.0,-36.3
1782318533.6901062,1,379.0,150.0,117.2
1782318533.6901062,0,169.0,410.0,-36.3
1782318533.7195358,1,379.0,150.0,117.2
1782318533.7195358,0,169.0,410.0,-36.3
1782318533.7677705,1,379.0,150.0,117.2
1782318533.7677705,0,169.0,410.0,-36.3
1782318533.8137858,1,379.0,150.0,117.2
1782318533.8137858,0,169.0,410.0,-36.3
1782318533.847429,1,379.0,150.0,117.2
1782318533.847429,0,169.0,410.0,-36.3
1782318533.890677,1,379.0,150.0,117.2
1782318533.890677,0,169.0,410.0,-36.3
1782318533.9383562,1,379.0,150.0,117.2
1782318533.9383562,0,169.0,410.0,-36.3
1782318533.9837387,1,379.0,150.0,117.2
1782318533.9837387,0,169.0,410.0,-36.3
1782318534.016204,1,379.0,150.0,117.2
1782318534.016204,0,169.0,410.0,-36.3
1782318534.0609481,1,379.0,150.0,117.2
1782318534.0609481,0,169.0,410.0,-36.3
1782318534.1089187,1,379.0,150.0,117.2
1782318534.1089187,0,169.0,410.0,-36.3
1782318534.1395667,1,379.0,150.0,117.2
1782318534.1395667,0,169.0,410.0,-36.3
1782318534.1895256,1,379.0,150.0,117.2
1782318534.1895256,0,169.0,410.0,-36.3
1782318534.2345102,1,379.0,150.0,117.2
1782318534.2345102,0,169.0,410.0,-36.3
1782318534.2652822,1,379.0,150.0,117.2
1782318534.2652822,0,169.0,410.0,-36.3
1782318534.31465,1,379.0,150.0,117.2
1782318534.31465,0,169.0,410.0,-36.3
1782318534.3576334,1,379.0,150.0,117.2
1782318534.3576334,0,169.0,410.0,-36.3
1782318534.3887038,1,379.0,150.0,117.2
1782318534.3887038,0,169.0,410.0,-36.3
1782318534.4345126,1,379.0,150.0,117.2
1782318534.4345126,0,169.0,410.0,-36.3
1782318534.4831223,1,379.0,150.0,117.2
1782318534.4831223,0,169.0,410.0,-36.3
1782318534.5135448,1,379.0,150.0,117.2
1782318534.5135448,0,169.0,410.0,-36.3
1782318534.5604687,1,379.0,150.0,117.2
1782318534.5604687,0,169.0,410.0,-36.3
1782318534.606151,1,379.0,150.0,117.2
1782318534.606151,0,169.0,410.0,-36.3
1782318534.63767,1,379.0,150.0,117.2
1782318534.63767,0,169.0,410.0,-36.3
1782318534.691229,1,379.0,150.0,117.2
1782318534.691229,0,169.0,410.0,-36.3
1782318534.7314422,1,379.0,150.0,117.2
1782318534.7314422,0,169.0,410.0,-36.3
1782318534.7749348,1,379.0,150.0,117.2
1782318534.7749348,0,169.0,410.0,-36.3
1782318534.8080845,1,379.0,150.0,117.2
1782318534.8080845,0,169.0,410.0,-36.3
1782318534.8554833,1,379.0,150.0,117.2
1782318534.8554833,0,169.0,410.0,-36.3
1782318534.887035,1,379.0,150.0,117.2
1782318534.887035,0,169.0,410.0,-36.3
1782318534.931418,1,379.0,150.0,117.2
1782318534.931418,0,169.0,410.0,-36.3
1782318534.9824731,1,379.0,150.0,117.2
1782318534.9824731,0,169.0,410.0,-36.3
1782318535.012598,1,379.0,150.0,117.2
1782318535.012598,0,169.0,410.0,-36.3
1782318535.0602918,1,379.0,150.0,117.2
1782318535.0602918,0,169.0,410.0,-36.3
1782318535.106509,1,379.0,150.0,117.2
1782318535.106509,0,169.0,410.0,-36.3
1782318535.1389177,1,379.0,150.0,117.2
1782318535.1389177,0,169.0,410.0,-36.3
1782318535.1853166,1,379.0,150.0,117.2
1782318535.1853166,0,169.0,410.0,-36.3
1782318535.2303872,1,379.0,150.0,117.2
1782318535.2303872,0,169.0,410.0,-36.3
1782318535.2629519,1,379.0,150.0,117.2
1782318535.2629519,0,169.0,410.0,-36.3
1782318535.3078284,1,379.0,150.0,117.2
1782318535.3078284,0,169.0,410.0,-36.3
1782318535.3566124,1,379.0,150.0,117.2
1782318535.3566124,0,169.0,410.0,-36.3
1782318535.4000716,1,379.0,150.0,117.2
1782318535.4000716,0,169.0,410.0,-36.3
1782318535.4330022,1,379.0,150.0,117.2
1782318535.4330022,0,169.0,410.0,-36.3
1782318535.4789226,1,379.0,150.0,117.2
1782318535.4789226,0,169.0,410.0,-36.3
1782318535.5132544,1,379.0,150.0,117.2
1782318535.5132544,0,169.0,410.0,-36.3
1782318535.5582378,1,379.0,150.0,117.2
1782318535.5582378,0,169.0,410.0,-36.3
1782318535.6041076,1,379.0,150.0,117.2
1782318535.6041076,0,169.0,410.0,-36.3
1782318535.6480486,1,379.0,150.0,117.2
1782318535.6480486,0,169.0,410.0,-36.3
1782318535.682706,1,379.0,150.0,117.2
1782318535.682706,0,169.0,410.0,-36.3
1782318535.727913,1,379.0,150.0,117.2
1782318535.727913,0,169.0,410.0,-36.3
1782318535.7764919,1,379.0,150.0,117.2
1782318535.7764919,0,169.0,410.0,-36.3
1782318535.8073778,1,379.0,150.0,117.2
1782318535.8073778,0,169.0,410.0,-36.3
1782318535.854113,1,379.0,150.0,117.2
1782318535.854113,0,169.0,410.0,-36.3
1782318535.8988295,1,379.0,150.0,117.2
1782318535.8988295,0,169.0,410.0,-36.3
1782318535.9313314,1,379.0,150.0,117.2
1782318535.9313314,0,169.0,410.0,-36.3
1782318535.978348,1,379.0,150.0,117.2
1782318535.978348,0,169.0,410.0,-36.3
1782318536.0232296,1,379.0,150.0,117.2
1782318536.0232296,0,169.0,410.0,-36.3
1782318536.0550542,1,379.0,150.0,117.2
1782318536.0550542,0,169.0,410.0,-36.3
1782318536.100879,1,379.0,150.0,117.2
1782318536.100879,0,169.0,410.0,-36.3
1782318536.147375,1,379.0,150.0,117.2
1782318536.147375,0,169.0,410.0,-36.3
1782318536.1778445,1,379.0,150.0,117.2
1782318536.1778445,0,169.0,410.0,-36.3
1782318536.2230785,1,379.0,150.0,117.2
1782318536.2230785,0,169.0,410.0,-36.3
1782318536.273411,1,379.0,150.0,117.2
1782318536.273411,0,169.0,410.0,-36.3
1782318536.315886,1,379.0,150.0,117.2
1782318536.315886,0,169.0,410.0,-36.3
1782318536.3490505,1,379.0,150.0,117.2
1782318536.3490505,0,169.0,410.0,-36.3
1782318536.394266,1,379.0,150.0,117.2
1782318536.394266,0,169.0,410.0,-36.3
1782318536.4395664,1,379.0,150.0,117.2
1782318536.4395664,0,169.0,410.0,-36.3
1782318536.4730422,1,379.0,150.0,117.2
1782318536.4730422,0,169.0,410.0,-36.3
1782318536.516364,1,379.0,150.0,117.2
1782318536.516364,0,169.0,410.0,-36.3
1782318536.5643644,1,379.0,150.0,117.2
1782318536.5643644,0,169.0,410.0,-36.3
1782318536.596865,1,379.0,150.0,117.2
1782318536.596865,0,169.0,410.0,-36.3
1782318536.6438572,1,379.0,150.0,117.2
1782318536.6438572,0,169.0,410.0,-36.3
1782318536.6903496,1,379.0,150.0,117.2
1782318536.6903496,0,169.0,410.0,-36.3
1782318536.7178938,1,379.0,150.0,117.2
1782318536.7178938,0,169.0,410.0,-36.3
1782318536.7702262,1,379.0,150.0,117.2
1782318536.7702262,0,169.0,410.0,-36.3
1782318536.8163404,1,379.0,150.0,117.2
1782318536.8163404,0,169.0,410.0,-36.3
1782318536.8461196,1,379.0,150.0,117.2
1782318536.8461196,0,169.0,410.0,-36.3
1782318536.8901904,1,379.0,150.0,117.2
1782318536.8901904,0,169.0,410.0,-36.3
1782318536.9385517,1,379.0,150.0,117.2
1782318536.9385517,0,169.0,410.0,-36.3
1782318536.97223,1,379.0,150.0,117.2
1782318536.97223,0,169.0,410.0,-36.3
1782318537.014518,1,379.0,150.0,117.2
1782318537.014518,0,169.0,410.0,-36.3
1782318537.064415,1,379.0,150.0,117.2
1782318537.064415,0,169.0,410.0,-36.3
1782318537.1091883,1,379.0,150.0,117.2
1782318537.1091883,0,169.0,410.0,-36.3
1782318537.139813,1,379.0,150.0,117.2
1782318537.139813,0,169.0,410.0,-36.3
1782318537.1840444,1,379.0,150.0,117.2
1782318537.1840444,0,169.0,410.0,-36.3
1782318537.233063,1,379.0,150.0,117.2
1782318537.233063,0,169.0,410.0,-36.3
1782318537.264352,1,379.0,150.0,117.2
1782318537.264352,0,169.0,410.0,-36.3
1782318537.3085015,1,379.0,150.0,117.2
1782318537.3085015,0,169.0,410.0,-36.3
1782318537.3582118,1,379.0,150.0,117.2
1782318537.3582118,0,169.0,410.0,-36.3
1782318537.3888483,1,379.0,150.0,117.2
1782318537.3888483,0,169.0,410.0,-36.3
1782318537.4316018,1,379.0,150.0,117.2
1782318537.4316018,0,169.0,410.0,-36.3
1782318537.4775205,1,379.0,150.0,117.2
1782318537.4775205,0,169.0,410.0,-36.3
1782318537.5254092,1,379.0,150.0,117.2
1782318537.5254092,0,169.0,410.0,-36.3
1782318537.5566113,1,379.0,150.0,117.2
1782318537.5566113,0,169.0,410.0,-36.3
1782318537.6044188,1,379.0,150.0,117.2
1782318537.6044188,0,169.0,410.0,-36.3
1782318537.6509516,1,379.0,150.0,117.2
1782318537.6509516,0,169.0,410.0,-36.3
1782318537.681366,1,379.0,150.0,117.2
1782318537.681366,0,169.0,410.0,-36.3
1782318537.7273927,1,379.0,150.0,117.2
1782318537.7273927,0,169.0,410.0,-36.3
1782318537.7757518,1,379.0,150.0,117.2
1782318537.7757518,0,169.0,410.0,-36.3
1782318537.8061783,1,379.0,150.0,117.2
1782318537.8061783,0,169.0,410.0,-36.3
1782318537.850062,1,379.0,150.0,117.2
1782318537.850062,0,169.0,410.0,-36.3
1782318537.8951175,1,379.0,150.0,117.2
1782318537.8951175,0,169.0,410.0,-36.3
1782318537.9290223,1,379.0,150.0,117.2
1782318537.9290223,0,169.0,410.0,-36.3
1782318537.9736452,1,379.0,150.0,117.2
1782318537.9736452,0,169.0,410.0,-36.3
1782318538.0240831,1,379.0,150.0,117.2
1782318538.0240831,0,169.0,410.0,-36.3
1782318538.0564604,1,379.0,150.0,117.2
1782318538.0564604,0,169.0,410.0,-36.3
1782318538.0997245,1,379.0,150.0,117.2
1782318538.0997245,0,169.0,410.0,-36.3
1782318538.1453264,1,379.0,150.0,117.2
1782318538.1453264,0,169.0,410.0,-36.3
1782318538.1784987,1,379.0,150.0,117.2
1782318538.1784987,0,169.0,410.0,-36.3
1782318538.2262666,1,379.0,150.0,117.2
1782318538.2262666,0,169.0,410.0,-36.3
1782318538.2743087,1,379.0,150.0,117.2
1782318538.2743087,0,169.0,410.0,-36.3
1782318538.3015645,1,379.0,150.0,117.2
1782318538.3015645,0,169.0,410.0,-36.3
1782318538.3514562,1,379.0,150.0,117.2
1782318538.3514562,0,169.0,410.0,-36.3
1782318538.3951156,1,379.0,150.0,117.2
1782318538.3951156,0,169.0,410.0,-36.3
1782318538.4414842,1,379.0,150.0,117.2
1782318538.4414842,0,169.0,410.0,-36.3
1782318538.4726276,1,379.0,150.0,117.2
1782318538.4726276,0,169.0,410.0,-36.3
1782318538.5187626,1,379.0,150.0,117.2
1782318538.5187626,0,169.0,410.0,-36.3
1782318538.5660763,1,379.0,150.0,117.2
1782318538.5660763,0,169.0,410.0,-36.3
1782318538.5985143,1,379.0,150.0,117.2
1782318538.5985143,0,169.0,410.0,-36.3
1782318538.6475601,1,379.0,150.0,117.2
1782318538.6475601,0,169.0,410.0,-36.3
1782318538.6930318,1,379.0,150.0,117.2
1782318538.6930318,0,169.0,410.0,-36.3
1782318538.7224634,1,379.0,150.0,117.2
1782318538.7224634,0,169.0,410.0,-36.3
1782318538.7688284,1,379.0,150.0,117.2
1782318538.7688284,0,169.0,410.0,-36.3
1782318538.8118854,1,379.0,150.0,117.2
1782318538.8118854,0,169.0,410.0,-36.3
1782318538.8440511,1,379.0,150.0,117.2
1782318538.8440511,0,169.0,410.0,-36.3
1782318538.8939424,1,379.0,150.0,117.2
1782318538.8939424,0,169.0,410.0,-36.3
1782318538.9402604,1,379.0,150.0,117.2
1782318538.9402604,0,169.0,410.0,-36.3
1782318538.9674752,1,379.0,150.0,117.2
1782318538.9674752,0,169.0,410.0,-36.3
1782318539.015502,1,379.0,150.0,117.2
1782318539.015502,0,169.0,410.0,-36.3
1782318539.061652,1,379.0,150.0,117.2
1782318539.061652,0,169.0,410.0,-36.3
1782318539.1098063,1,379.0,150.0,117.2
1782318539.1098063,0,169.0,410.0,-36.3
1782318539.140734,1,379.0,150.0,117.2
1782318539.140734,0,169.0,410.0,-36.3
1782318539.1853468,1,379.0,150.0,117.2
1782318539.1853468,0,169.0,410.0,-36.3
1782318539.2325802,1,379.0,150.0,117.2
1782318539.2325802,0,169.0,410.0,-36.3
1782318539.263968,1,379.0,150.0,117.2
1782318539.263968,0,169.0,410.0,-36.3
1782318539.311833,1,379.0,150.0,117.2
1782318539.311833,0,169.0,410.0,-36.3
1782318539.3563352,1,379.0,150.0,117.2
1782318539.3563352,0,169.0,410.0,-36.3
1782318539.3902946,1,379.0,150.0,117.2
1782318539.3902946,0,169.0,410.0,-36.3
1782318539.4364693,1,379.0,150.0,117.2
1782318539.4364693,0,169.0,410.0,-36.3
1782318539.483152,1,379.0,150.0,117.2
1782318539.483152,0,169.0,410.0,-36.3
1782318539.5138056,1,379.0,150.0,117.2
1782318539.5138056,0,169.0,410.0,-36.3
1782318539.5586424,1,379.0,150.0,117.2
1782318539.5586424,0,169.0,410.0,-36.3
1782318539.6017942,1,379.0,150.0,117.2
1782318539.6017942,0,169.0,410.0,-36.3
1782318539.6520407,1,379.0,150.0,117.2
1782318539.6520407,0,169.0,410.0,-36.3
1782318539.680227,1,379.0,150.0,117.2
1782318539.680227,0,169.0,410.0,-36.3
1782318539.7255406,1,379.0,150.0,117.2
1782318539.7255406,0,169.0,410.0,-36.3
1782318539.7735107,1,379.0,150.0,117.2
1782318539.7735107,0,169.0,410.0,-36.3
1782318539.8040884,1,379.0,150.0,117.2
1782318539.8040884,0,169.0,410.0,-36.3
1782318539.8529031,1,379.0,150.0,117.2
1782318539.8529031,0,169.0,410.0,-36.3
1782318539.8940384,1,379.0,150.0,117.2
1782318539.8940384,0,169.0,410.0,-36.3
1782318539.9401698,1,379.0,150.0,117.2
1782318539.9401698,0,169.0,410.0,-36.3
1782318539.9729066,1,379.0,150.0,117.2
1782318539.9729066,0,169.0,410.0,-36.3
1782318540.0181532,1,379.0,150.0,117.2
1782318540.0181532,0,169.0,410.0,-36.3
1782318540.0666215,1,379.0,150.0,117.2
1782318540.0666215,0,169.0,410.0,-36.3
1782318540.0973456,1,379.0,150.0,117.2
1782318540.0973456,0,169.0,410.0,-36.3
1782318540.1444085,1,379.0,150.0,117.2
1782318540.1444085,0,169.0,410.0,-36.3
1782318540.1902957,1,379.0,150.0,117.2
1782318540.1902957,0,169.0,410.0,-36.3
1782318540.221069,1,379.0,150.0,117.2
1782318540.221069,0,169.0,410.0,-36.3
1782318540.2686074,1,379.0,150.0,117.2
1782318540.2686074,0,169.0,410.0,-36.3
1782318540.3164032,1,379.0,150.0,117.2
1782318540.3164032,0,169.0,410.0,-36.3
1782318540.3480687,1,379.0,150.0,117.2
1782318540.3480687,0,169.0,410.0,-36.3
1782318540.390595,1,379.0,150.0,117.2
1782318540.390595,0,169.0,410.0,-36.3
1782318540.4384296,1,379.0,150.0,117.2
1782318540.4384296,0,169.0,410.0,-36.3
1782318540.4710357,1,379.0,150.0,117.2
1782318540.4710357,0,169.0,410.0,-36.3
1782318540.5177214,1,379.0,150.0,117.2
1782318540.5177214,0,169.0,410.0,-36.3
1782318540.5637686,1,379.0,150.0,117.2
1782318540.5637686,0,169.0,410.0,-36.3
1782318540.5953841,1,379.0,150.0,117.2
1782318540.5953841,0,169.0,410.0,-36.3
1782318540.6404772,1,379.0,150.0,117.2
1782318540.6404772,0,169.0,410.0,-36.3
1782318540.6868641,1,379.0,150.0,117.2
1782318540.6868641,0,169.0,410.0,-36.3
1782318540.7177851,1,379.0,150.0,117.2
1782318540.7177851,0,169.0,410.0,-36.3
1782318540.7677305,1,379.0,150.0,117.2
1782318540.7677305,0,169.0,410.0,-36.3
1782318540.8130558,1,379.0,150.0,117.2
1782318540.8130558,0,169.0,410.0,-36.3
1782318540.85549,1,379.0,150.0,117.2
1782318540.85549,0,169.0,410.0,-36.3
1782318540.8874595,1,379.0,150.0,117.2
1782318540.8874595,0,169.0,410.0,-36.3
1782318540.9336903,1,379.0,150.0,117.2
1782318540.9336903,0,169.0,410.0,-36.3
1782318540.9804852,1,379.0,150.0,117.2
1782318540.9804852,0,169.0,410.0,-36.3
1782318541.0122092,1,379.0,150.0,117.2
1782318541.0122092,0,169.0,410.0,-36.3
1782318541.059152,1,379.0,150.0,117.2
1782318541.059152,0,169.0,410.0,-36.3
1782318541.105135,1,379.0,150.0,117.2
1782318541.105135,0,169.0,410.0,-36.3
1782318541.135808,1,379.0,150.0,117.2
1782318541.135808,0,169.0,410.0,-36.3
1782318541.1834972,1,379.0,150.0,117.2
1782318541.1834972,0,169.0,410.0,-36.3
1782318541.2307959,1,379.0,150.0,117.2
1782318541.2307959,0,169.0,410.0,-36.3
1782318541.261877,1,379.0,150.0,117.2
1782318541.261877,0,169.0,410.0,-36.3
1782318541.3053997,1,379.0,150.0,117.2
1782318541.3053997,0,169.0,410.0,-36.3
1782318541.3551874,1,379.0,150.0,117.2
1782318541.3551874,0,169.0,410.0,-36.3
1782318541.3842463,1,379.0,150.0,117.2
1782318541.3842463,0,169.0,410.0,-36.3
1782318541.4324718,1,379.0,150.0,117.2
1782318541.4324718,0,169.0,410.0,-36.3
1782318541.478382,1,379.0,150.0,117.2
1782318541.478382,0,169.0,410.0,-36.3
1782318541.5090184,1,379.0,150.0,117.2
1782318541.5090184,0,169.0,410.0,-36.3
1782318541.5542352,1,379.0,150.0,117.2
1782318541.5542352,0,169.0,410.0,-36.3
1782318541.60307,1,379.0,150.0,117.2
1782318541.60307,0,169.0,410.0,-36.3
1782318541.6481314,1,379.0,150.0,117.2
1782318541.6481314,0,169.0,410.0,-36.3
1782318541.6765282,1,379.0,150.0,117.2
1782318541.6765282,0,169.0,410.0,-36.3
1782318541.7263873,1,379.0,150.0,117.2
1782318541.7263873,0,169.0,410.0,-36.3
1782318541.772577,1,379.0,150.0,117.2
1782318541.772577,0,169.0,410.0,-36.3
1782318541.8026817,1,379.0,150.0,117.2
1782318541.8026817,0,169.0,410.0,-36.3
1782318541.8471212,1,379.0,150.0,117.2
1782318541.8471212,0,169.0,410.0,-36.3
1782318541.896457,1,379.0,150.0,117.2
1782318541.896457,0,169.0,410.0,-37.7
1782318541.9431653,1,379.0,150.0,117.2
1782318541.9431653,0,169.0,410.0,-36.3
1782318541.9730053,1,379.0,150.0,117.2
1782318541.9730053,0,169.0,410.0,-36.3
1782318542.017194,1,379.0,150.0,117.2
1782318542.017194,0,169.0,410.0,-36.3
1782318542.0644016,1,379.0,150.0,117.2
1782318542.0644016,0,169.0,410.0,-36.3
1782318542.0940092,1,379.0,150.0,117.2
1782318542.0940092,0,169.0,410.0,-36.3
1782318542.140336,1,379.0,150.0,117.2
1782318542.140336,0,169.0,410.0,-36.3
1782318542.1853895,1,379.0,150.0,117.2
1782318542.1853895,0,169.0,410.0,-36.3
1782318542.2183325,1,379.0,150.0,117.2
1782318542.2183325,0,169.0,410.0,-36.3
1782318542.266432,1,379.0,150.0,117.2
1782318542.266432,0,169.0,410.0,-36.3
1782318542.3122137,1,379.0,150.0,117.2
1782318542.3122137,0,169.0,410.0,-36.3
1782318542.357169,1,379.0,150.0,117.2
1782318542.357169,0,169.0,410.0,-36.3
1782318542.3875396,1,379.0,150.0,117.2
1782318542.4375117,1,379.0,150.0,117.2
1782318542.4810176,1,379.0,150.0,117.2
1782318542.5112078,1,379.0,150.0,117.2
1782318542.5551167,1,379.0,150.0,117.2
1782318542.5551167,0,169.0,410.0,-36.3
1782318542.6043348,1,379.0,150.0,117.2
1782318542.6043348,0,169.0,410.0,-36.3
1782318542.6478052,1,379.0,150.0,117.2
1782318542.6478052,0,169.0,410.0,-36.3
1782318542.6805625,1,379.0,150.0,117.2
1782318542.6805625,0,169.0,410.0,-36.3
1782318542.7242084,1,379.0,150.0,117.2
1782318542.7242084,0,169.0,410.0,-36.3
1782318542.7752254,1,379.0,150.0,117.2
1782318542.7752254,0,169.0,410.0,-36.3
1782318542.805303,1,379.0,150.0,117.2
1782318542.805303,0,169.0,410.0,-36.3
1782318542.8516734,1,379.0,150.0,117.2
1782318542.8516734,0,169.0,410.0,-36.3
1782318542.8986788,1,379.0,150.0,117.2
1782318542.8986788,0,169.0,410.0,-36.3
1782318542.9289043,1,379.0,150.0,117.2
1782318542.9289043,0,169.0,410.0,-36.3
1782318542.9751587,1,379.0,150.0,117.2
1782318542.9751587,0,169.0,410.0,-36.3
1782318543.019021,1,379.0,150.0,117.2
1782318543.019021,0,169.0,410.0,-36.3
1782318543.0524693,1,379.0,150.0,117.2
1782318543.0524693,0,169.0,410.0,-36.3
1782318543.0994506,1,379.0,150.0,117.2
1782318543.0994506,0,169.0,410.0,-36.3
1782318543.1453097,1,379.0,150.0,117.2
1782318543.1453097,0,169.0,410.0,-36.3
1782318543.1772554,1,379.0,150.0,117.2
1782318543.1772554,0,169.0,410.0,-36.3
1782318543.2226295,1,379.0,150.0,117.2
1782318543.2226295,0,169.0,410.0,-36.3
1782318543.2675233,1,379.0,150.0,117.2
1782318543.2675233,0,169.0,410.0,-36.3
1782318543.312407,1,379.0,150.0,117.2
1782318543.312407,0,169.0,410.0,-36.3
1782318543.3469768,1,379.0,150.0,117.2
1782318543.3469768,0,169.0,410.0,-36.3
1782318543.3908815,1,379.0,150.0,117.9
1782318543.3908815,0,169.0,410.0,-36.3
1782318543.4371846,1,379.0,150.0,117.9
1782318543.4371846,0,169.0,410.0,-36.3
1782318543.4710395,1,379.0,150.0,117.9
1782318543.4710395,0,169.0,410.0,-36.3
1782318543.5172992,1,379.0,150.0,117.2
1782318543.5172992,0,169.0,410.0,-36.3
1782318543.5655355,1,379.0,150.0,117.2
1782318543.5655355,0,169.0,410.0,-36.3
1782318543.5954309,1,379.0,150.0,114.6
1782318543.5954309,0,169.0,410.0,-36.3
1782318543.64454,1,379.0,150.0,114.6
1782318543.64454,0,169.0,410.0,-36.3
1782318543.6913314,1,379.0,150.0,114.6
1782318543.6913314,0,169.0,410.0,-36.3
1782318543.7213829,0,169.0,410.0,-36.3
1782318543.7635295,0,169.0,410.0,-36.3
1782318543.8105628,0,169.0,410.0,-36.3
1782318543.8574245,0,169.0,410.0,-36.3
1782318543.8916214,0,169.0,410.0,-36.3
1782318543.9350815,0,169.0,410.0,-36.3
1782318543.9845147,0,169.0,410.0,-36.3
1782318544.0127537,0,169.0,410.0,-36.3
1782318544.061579,0,169.0,410.0,-36.3
1782318544.103756,0,169.0,410.0,-36.3
1782318544.1380563,0,169.0,410.0,-36.3
1782318544.185222,0,169.0,410.0,-36.3
1782318544.228846,0,169.0,410.0,-36.3
1782318544.2613533,0,169.0,410.0,-36.3
1782318544.3062975,1,379.0,150.0,114.6
1782318544.3062975,0,169.0,410.0,-36.3
1782318544.3538158,1,379.0,151.0,115.3
1782318544.3538158,0,169.0,410.0,-36.3
1782318544.3830602,1,379.0,151.0,115.3
1782318544.3830602,0,169.0,410.0,-36.3
1782318544.4309509,1,379.0,151.0,115.3
1782318544.4309509,0,169.0,410.0,-36.3
1782318544.478795,1,378.0,151.0,112.6
1782318544.478795,0,169.0,410.0,-36.3
1782318544.5105424,1,379.0,150.0,116.6
1782318544.5105424,0,169.0,410.0,-36.3
1782318544.5567536,1,379.0,150.0,116.6
1782318544.5567536,0,169.0,410.0,-36.3
1782318544.601097,1,379.0,150.0,116.6
1782318544.601097,0,169.0,410.0,-36.3
1782318544.6498678,1,379.0,150.0,116.6
1782318544.6498678,0,169.0,410.0,-36.3
1782318544.678699,1,379.0,150.0,116.6
1782318544.678699,0,169.0,410.0,-36.3
1782318544.727693,1,379.0,150.0,116.6
1782318544.727693,0,169.0,410.0,-36.3
1782318544.7737083,1,379.0,150.0,116.6
1782318544.7737083,0,169.0,410.0,-36.3
1782318544.8051782,1,379.0,150.0,116.6
1782318544.8051782,0,169.0,410.0,-36.3
1782318544.852231,1,379.0,150.0,116.6
1782318544.852231,0,169.0,410.0,-36.3
1782318544.8970642,1,379.0,150.0,116.6
1782318544.8970642,0,169.0,410.0,-36.3
1782318544.9304404,1,379.0,150.0,116.6
1782318544.9304404,0,169.0,410.0,-36.3
1782318544.9785004,1,379.0,150.0,116.6
1782318544.9785004,0,169.0,410.0,-36.3
1782318545.0226517,1,379.0,150.0,116.6
1782318545.0226517,0,169.0,410.0,-36.3
1782318545.0553305,1,379.0,150.0,116.6
1782318545.0553305,0,169.0,410.0,-36.3
1782318545.104464,1,379.0,150.0,116.6
1782318545.104464,0,169.0,410.0,-36.3
1782318545.135382,1,379.0,150.0,116.6
1782318545.135382,0,169.0,410.0,-36.3
1782318545.1825006,1,379.0,150.0,116.6
1782318545.1825006,0,169.0,410.0,-36.3
1782318545.22744,1,379.0,150.0,116.6
1782318545.22744,0,169.0,410.0,-36.3
1782318545.275278,1,379.0,150.0,116.6
1782318545.275278,0,169.0,410.0,-36.3
1782318545.3038201,1,379.0,150.0,116.6
1782318545.3038201,0,169.0,410.0,-36.3
1782318545.3507297,1,379.0,150.0,116.6
1782318545.3507297,0,169.0,410.0,-36.3
1782318545.397268,1,379.0,150.0,116.6
1782318545.397268,0,169.0,410.0,-36.3
1782318545.4272842,1,379.0,150.0,116.6
1782318545.4272842,0,169.0,410.0,-36.3
1782318545.4760885,1,379.0,150.0,116.6
1782318545.4760885,0,169.0,410.0,-36.3
1782318545.5213156,1,379.0,150.0,116.6
1782318545.5213156,0,169.0,410.0,-36.3
1782318545.5527842,1,379.0,150.0,116.6
1782318545.5527842,0,169.0,410.0,-36.3
1782318545.5976784,1,379.0,150.0,116.6
1782318545.5976784,0,169.0,410.0,-36.3
1782318545.6448607,1,379.0,150.0,116.6
1782318545.6448607,0,169.0,410.0,-36.3
1782318545.6882875,1,379.0,150.0,116.6
1782318545.6882875,0,169.0,410.0,-36.3
1782318545.7221942,1,379.0,150.0,116.6
1782318545.7221942,0,169.0,410.0,-36.3
1782318545.7676036,1,379.0,150.0,116.6
1782318545.7676036,0,169.0,410.0,-36.3
1782318545.8125231,1,379.0,150.0,116.6
1782318545.8125231,0,169.0,410.0,-36.3
1782318545.846128,1,379.0,150.0,116.6
1782318545.846128,0,169.0,410.0,-36.3
1782318545.8899245,1,379.0,150.0,116.6
1782318545.8899245,0,169.0,410.0,-36.6
1782318545.9353058,1,379.0,150.0,116.6
1782318545.9353058,0,169.0,410.0,-36.6
1782318545.9689574,1,379.0,150.0,116.6
1782318545.9689574,0,169.0,410.0,-36.6
1782318546.0153694,1,379.0,150.0,116.6
1782318546.0153694,0,170.0,411.0,-37.2
1782318546.0620632,1,379.0,150.0,116.6
1782318546.0620632,0,170.0,411.0,-36.3
1782318546.09242,1,379.0,150.0,116.6
1782318546.09242,0,171.0,411.0,-37.2
1782318546.1394541,1,379.0,150.0,116.6
1782318546.1394541,0,171.0,411.0,-37.2
1782318546.1865597,1,379.0,150.0,116.6
1782318546.1865597,0,171.0,411.0,-37.2
1782318546.234775,1,379.0,150.0,116.6
1782318546.234775,0,171.0,411.0,-37.2
1782318546.2646224,1,379.0,150.0,116.6
1782318546.2646224,0,171.0,411.0,-37.2
1782318546.310901,1,379.0,150.0,116.6
1782318546.310901,0,171.0,411.0,-37.2
1782318546.3562,1,379.0,150.0,116.6
1782318546.3562,0,171.0,411.0,-37.2
1782318546.3875613,1,379.0,150.0,116.6
1782318546.3875613,0,170.0,411.0,-36.3
1782318546.4337564,1,379.0,150.0,114.6
1782318546.4337564,0,171.0,411.0,-37.2
1782318546.4772582,1,379.0,150.0,114.6
1782318546.4772582,0,171.0,411.0,-37.2
1782318546.5093904,1,379.0,150.0,114.6
1782318546.5093904,0,171.0,411.0,-37.2
1782318546.553624,1,379.0,150.0,116.6
1782318546.553624,0,171.0,411.0,-37.2
1782318546.6042004,1,379.0,150.0,116.6
1782318546.6042004,0,170.0,411.0,-36.3
1782318546.6477304,1,379.0,150.0,116.6
1782318546.6477304,0,170.0,411.0,-36.3
1782318546.6805525,1,379.0,150.0,116.6
1782318546.6805525,0,170.0,411.0,-36.3
1782318546.7275524,1,379.0,150.0,116.6
1782318546.7275524,0,170.0,411.0,-36.3
1782318546.7729878,1,379.0,150.0,116.6
1782318546.7729878,0,170.0,411.0,-37.2
1782318546.805145,1,379.0,150.0,116.6
1782318546.805145,0,170.0,411.0,-37.2
1782318546.8503919,1,379.0,150.0,116.6
1782318546.8503919,0,170.0,411.0,-37.2
1782318546.8983982,1,379.0,150.0,116.6
1782318546.8983982,0,170.0,411.0,-36.3
1782318546.9318783,1,379.0,150.0,116.6
1782318546.9318783,0,170.0,411.0,-36.3
1782318546.9735224,1,379.0,150.0,116.6
1782318546.9735224,0,170.0,411.0,-36.3
1782318547.021458,1,379.0,150.0,116.6
1782318547.021458,0,170.0,411.0,-36.3
1782318547.0538254,1,379.0,150.0,116.6
1782318547.0538254,0,170.0,411.0,-36.3
1782318547.096653,1,379.0,150.0,116.6
1782318547.096653,0,170.0,411.0,-36.3
1782318547.1416948,1,379.0,150.0,116.6
1782318547.1416948,0,170.0,411.0,-36.3
1782318547.1883607,1,379.0,150.0,116.6
1782318547.1883607,0,170.0,411.0,-36.3
1782318547.2195745,1,379.0,150.0,116.6
1782318547.2195745,0,170.0,411.0,-36.3
1782318547.2654707,1,379.0,150.0,116.6
1782318547.2654707,0,170.0,411.0,-36.3
1782318547.3123584,1,379.0,150.0,116.6
1782318547.3123584,0,170.0,411.0,-36.3
1782318547.3447225,1,379.0,150.0,116.6
1782318547.3447225,0,170.0,411.0,-36.3
1782318547.389952,1,379.0,150.0,116.6
1782318547.389952,0,170.0,411.0,-36.3
1782318547.4385648,1,379.0,150.0,116.6
1782318547.4385648,0,170.0,411.0,-36.3
1782318547.4657571,1,379.0,150.0,116.6
1782318547.4657571,0,170.0,411.0,-36.3
1782318547.5132096,1,379.0,150.0,116.6
1782318547.5132096,0,170.0,411.0,-36.3
1782318547.5594163,1,379.0,150.0,116.6
1782318547.5594163,0,170.0,411.0,-36.3
1782318547.6054428,1,379.0,151.0,115.9
1782318547.6054428,0,170.0,411.0,-36.3
1782318547.6337864,0,170.0,411.0,-36.3
1782318547.679503,0,170.0,411.0,-36.3
1782318547.7289152,0,170.0,411.0,-36.3
1782318547.7607837,0,170.0,409.0,-37.5
1782318547.80541,0,173.0,409.0,-37.2
1782318547.8533738,0,173.0,409.0,-37.2
1782318547.8971393,0,173.0,409.0,-37.2
